<profile version="1.0">
  <option name="myName" value="Default" />
  <inspection_tool class="HtmlUnknownAttribute" enabled="true" level="WARNING" enabled_by_default="true">
    <option name="myValues">
      <value>
        <list size="2">
          <item index="0" class="java.lang.String" itemvalue="type" />
          <item index="1" class="java.lang.String" itemvalue="category" />
        </list>
      </value>
    </option>
    <option name="myCustomValuesEnabled" value="true" />
  </inspection_tool>
  <inspection_tool class="HtmlUnknownTag" enabled="true" level="WARNING" enabled_by_default="true">
    <option name="myValues">
      <value>
        <list size="7">
          <item index="0" class="java.lang.String" itemvalue="nobr" />
          <item index="1" class="java.lang.String" itemvalue="noembed" />
          <item index="2" class="java.lang.String" itemvalue="comment" />
          <item index="3" class="java.lang.String" itemvalue="noscript" />
          <item index="4" class="java.lang.String" itemvalue="embed" />
          <item index="5" class="java.lang.String" itemvalue="script" />
          <item index="6" class="java.lang.String" itemvalue="tr" />
        </list>
      </value>
    </option>
    <option name="myCustomValuesEnabled" value="true" />
  </inspection_tool>
  <inspection_tool class="PyMethodMayBeStaticInspection" enabled="false" level="WEAK WARNING" enabled_by_default="false" />
  <inspection_tool class="PyPackageRequirementsInspection" enabled="true" level="WARNING" enabled_by_default="true">
    <option name="ignoredPackages">
      <value>
        <list size="8">
          <item index="0" class="java.lang.String" itemvalue="Shapely" />
          <item index="1" class="java.lang.String" itemvalue="pyshp" />
          <item index="2" class="java.lang.String" itemvalue="shapely" />
          <item index="3" class="java.lang.String" itemvalue="pytest" />
          <item index="4" class="java.lang.String" itemvalue="pytest-cov" />
          <item index="5" class="java.lang.String" itemvalue="black" />
          <item index="6" class="java.lang.String" itemvalue="isort" />
          <item index="7" class="java.lang.String" itemvalue="requests" />
        </list>
      </value>
    </option>
  </inspection_tool>
  <inspection_tool class="PyPep8Inspection" enabled="true" level="WEAK WARNING" enabled_by_default="true">
    <option name="ignoredErrors">
      <list>
        <option value="E303" />
      </list>
    </option>
  </inspection_tool>
  <inspection_tool class="PyUnresolvedReferencesInspection" enabled="true" level="WARNING" enabled_by_default="true">
    <option name="ignoredIdentifiers">
      <list>
        <option value="bytes.format" />
        <option value="fibo" />
        <option value="left_list" />
      </list>
    </option>
  </inspection_tool>
</profile>