<application>
  <component name="FileTypeManager" version="18">
    <ignoreFiles list="*$py.class;*.pyc;*.pyo;*.rbc;*.yarb;*~;.DS_Store;.git;.hg;.svn;CVS;__pycache__;_svn;vssver.scc;vssver2.scc" />
    <extensionMap>
      <mapping ext="geojson" type="JSON" />
      <mapping pattern="modern_continous_integration_pipeline" type="Markdown" />
      <mapping pattern="stack.yml" type="PLAIN_TEXT" />
      <mapping ext="pem" type="PLAIN_TEXT" />
      <removed_mapping ext="txt" approved="true" type="PLAIN_TEXT" />
      <removed_mapping ext="yaml" approved="true" type="YAML" />
      <removed_mapping ext="yml" approved="true" type="YAML" />
    </extensionMap>
  </component>
</application>